epoch,time,train/box_loss,train/seg_loss,train/cls_loss,train/dfl_loss,metrics/precision(B),metrics/recall(B),metrics/mAP50(B),metrics/mAP50-95(B),metrics/precision(M),metrics/recall(M),metrics/mAP50(M),metrics/mAP50-95(M),val/box_loss,val/seg_loss,val/cls_loss,val/dfl_loss,lr/pg0,lr/pg1,lr/pg2
1,32.7749,0.32,0.4654,4.58017,0.83031,0,0,0,0,0,0,0,0,0.16087,0.19001,4.3422,0.74361,4.25157e-05,4.25157e-05,4.25157e-05
2,62.897,0.23271,0.29372,4.10549,0.80711,0.05672,0.24218,0.11329,0.11307,0.05672,0.24218,0.11329,0.11329,0.1407,0.16935,3.89189,0.74356,8.3016e-05,8.3016e-05,8.3016e-05
3,92.9847,0.24798,0.25277,3.46771,0.81748,0.78295,0.26407,0.38789,0.38457,0.78295,0.26407,0.38789,0.3868,0.15777,0.16015,2.67144,0.75773,0.000120656,0.000120656,0.000120656
4,122.651,0.25667,0.20216,2.71583,0.82431,0.68118,0.44291,0.51486,0.51304,0.68118,0.44291,0.51486,0.51449,0.15263,0.14937,1.82928,0.75794,0.00011713,0.00011713,0.00011713
5,150.964,0.24559,0.20741,2.06831,0.82572,0.77035,0.58045,0.67686,0.67494,0.77035,0.58045,0.67686,0.67589,0.1543,0.14533,1.25924,0.76514,0.00011284,0.00011284,0.00011284
6,178.34,0.2265,0.20206,1.65284,0.81693,0.82666,0.66112,0.77526,0.7649,0.82666,0.66112,0.77526,0.76999,0.159,0.14317,0.99722,0.77796,0.00010855,0.00010855,0.00010855
7,204.965,0.21204,0.19751,1.35144,0.81776,0.86032,0.76639,0.87198,0.86539,0.86032,0.76639,0.87198,0.87104,0.14168,0.13825,0.74734,0.7766,0.00010426,0.00010426,0.00010426
8,231.341,0.20132,0.21215,1.15687,0.81222,0.87269,0.81571,0.89295,0.88544,0.87269,0.81571,0.89295,0.89057,0.12803,0.12511,0.66111,0.77527,9.997e-05,9.997e-05,9.997e-05
9,258.522,0.19344,0.19971,1.0352,0.81498,0.90359,0.85329,0.948,0.94235,0.90359,0.85329,0.948,0.944,0.12207,0.12982,0.55593,0.77438,9.568e-05,9.568e-05,9.568e-05
10,285.047,0.18835,0.16251,0.94036,0.80731,0.85723,0.88712,0.94231,0.93527,0.85723,0.88712,0.94231,0.93985,0.12336,0.12562,0.53884,0.77194,9.139e-05,9.139e-05,9.139e-05
11,310.335,0.18536,0.16811,0.87284,0.80967,0.90892,0.88218,0.95884,0.95291,0.90892,0.88218,0.95884,0.95727,0.10846,0.11746,0.50298,0.77165,8.71e-05,8.71e-05,8.71e-05
12,336.798,0.17683,0.17732,0.81355,0.80971,0.8906,0.88928,0.97494,0.96973,0.8906,0.88928,0.97494,0.97222,0.10696,0.12027,0.474,0.76887,8.281e-05,8.281e-05,8.281e-05
13,363.455,0.17233,0.17392,0.77504,0.8039,0.92762,0.8858,0.97002,0.96524,0.92762,0.8858,0.97002,0.96786,0.10391,0.11889,0.43012,0.76724,7.852e-05,7.852e-05,7.852e-05
14,390.863,0.17114,0.17622,0.73988,0.80486,0.91678,0.90426,0.97658,0.97302,0.91678,0.90426,0.97658,0.97547,0.10072,0.11287,0.38411,0.76708,7.423e-05,7.423e-05,7.423e-05
15,417.478,0.16848,0.17739,0.72188,0.8044,0.84729,0.96138,0.98044,0.97749,0.84729,0.96138,0.98044,0.97763,0.10379,0.12738,0.36789,0.76825,6.994e-05,6.994e-05,6.994e-05
16,445.131,0.16343,0.17482,0.69311,0.8046,0.86958,0.94783,0.97704,0.97285,0.86958,0.94783,0.97704,0.97519,0.09945,0.12127,0.36302,0.76863,6.565e-05,6.565e-05,6.565e-05
17,471.864,0.16556,0.16063,0.68317,0.80505,0.94318,0.92592,0.99242,0.98797,0.94318,0.92592,0.99242,0.99106,0.09955,0.11903,0.35674,0.76823,6.136e-05,6.136e-05,6.136e-05
18,499.071,0.16012,0.15617,0.65455,0.80774,0.95195,0.93214,0.98114,0.97716,0.95195,0.93214,0.98114,0.97896,0.09124,0.11901,0.34969,0.76664,5.707e-05,5.707e-05,5.707e-05
19,525.95,0.15642,0.15811,0.62942,0.80058,0.9279,0.94916,0.99141,0.99007,0.9279,0.94916,0.99141,0.98993,0.09373,0.11563,0.32122,0.76676,5.278e-05,5.278e-05,5.278e-05
20,555.077,0.15455,0.15859,0.61208,0.80041,0.93077,0.95088,0.99206,0.98746,0.93077,0.95088,0.99206,0.99007,0.08746,0.11277,0.30989,0.76537,4.849e-05,4.849e-05,4.849e-05
21,638.381,0.13421,0.13197,0.64654,0.78335,0.91767,0.96948,0.99201,0.98751,0.91767,0.96948,0.99201,0.9906,0.10361,0.10827,0.31619,0.76605,4.42e-05,4.42e-05,4.42e-05
22,693.307,0.12604,0.1352,0.57506,0.78464,0.9482,0.97358,0.99235,0.98952,0.9482,0.97358,0.99235,0.99014,0.09249,0.10746,0.29268,0.76307,3.991e-05,3.991e-05,3.991e-05
23,748.103,0.12149,0.12709,0.55301,0.78182,0.93273,0.97306,0.9922,0.98925,0.93273,0.97306,0.9922,0.99103,0.08776,0.10484,0.28087,0.76328,3.562e-05,3.562e-05,3.562e-05
24,802.62,0.11765,0.12436,0.53417,0.7825,0.93934,0.96756,0.99271,0.9921,0.93934,0.96756,0.99271,0.99171,0.08678,0.10681,0.27332,0.76296,3.133e-05,3.133e-05,3.133e-05
25,857.472,0.11442,0.12387,0.52904,0.78037,0.94476,0.97985,0.99196,0.98912,0.94476,0.97985,0.99196,0.98978,0.08179,0.10856,0.2613,0.76208,2.704e-05,2.704e-05,2.704e-05
26,911.731,0.11582,0.11954,0.5226,0.78074,0.94884,0.97637,0.9908,0.98743,0.94884,0.97637,0.9908,0.98894,0.08345,0.10816,0.25737,0.76243,2.275e-05,2.275e-05,2.275e-05
27,966.183,0.11324,0.11928,0.52056,0.77663,0.9307,0.99242,0.99148,0.99077,0.9307,0.99242,0.99148,0.99046,0.07911,0.10677,0.25175,0.76144,1.846e-05,1.846e-05,1.846e-05
28,1020.06,0.10892,0.12419,0.50842,0.78113,0.95189,0.98165,0.99245,0.99022,0.95189,0.98165,0.99245,0.99133,0.08005,0.10203,0.25031,0.76148,1.417e-05,1.417e-05,1.417e-05
29,1074.33,0.10863,0.12074,0.50475,0.77476,0.96214,0.98051,0.9918,0.99003,0.96214,0.98051,0.9918,0.9903,0.07899,0.10579,0.24666,0.76151,9.88e-06,9.88e-06,9.88e-06
30,1129.07,0.107,0.118,0.50013,0.78258,0.96215,0.97867,0.99225,0.99022,0.96215,0.97867,0.99225,0.99076,0.07767,0.10492,0.24421,0.7611,5.59e-06,5.59e-06,5.59e-06
