epoch,time,train/box_loss,train/cls_loss,train/dfl_loss,metrics/precision(B),metrics/recall(B),metrics/mAP50(B),metrics/mAP50-95(B),val/box_loss,val/cls_loss,val/dfl_loss,lr/pg0,lr/pg1,lr/pg2
1,28.3526,0.87129,5.01749,1.25147,0.01879,0.11453,0.0287,0.02652,0.35246,4.07742,0.89203,4.27556e-05,4.27556e-05,4.27556e-05
2,49.4463,0.49989,4.47631,0.99763,0.57766,0.11596,0.1389,0.12884,0.36514,2.89324,0.88997,8.58048e-05,8.58048e-05,8.58048e-05
3,70.3212,0.46945,3.73889,0.98325,0.63839,0.33683,0.3403,0.32361,0.34138,1.93661,0.89587,0.000128568,0.000128568,0.000128568
4,90.8173,0.4469,3.05861,0.9716,0.6553,0.48202,0.46586,0.44604,0.31845,1.58254,0.87809,0.000128713,0.000128713,0.000128713
5,111.628,0.42603,2.57525,0.96103,0.7115,0.53801,0.59259,0.56728,0.3093,1.33277,0.87312,0.000128284,0.000128284,0.000128284
6,131.941,0.4092,2.27893,0.94277,0.62218,0.7233,0.6849,0.65878,0.29483,1.1128,0.85831,0.000127855,0.000127855,0.000127855
7,152.283,0.38437,2.08786,0.93148,0.66604,0.81842,0.73937,0.71859,0.27389,0.97747,0.8376,0.000127426,0.000127426,0.000127426
8,172.916,0.38654,1.96129,0.93423,0.68722,0.84039,0.78503,0.76138,0.28855,0.89611,0.84502,0.000126997,0.000126997,0.000126997
9,193.51,0.36359,1.81938,0.91512,0.70718,0.86016,0.80385,0.78211,0.26902,0.87701,0.83204,0.000126568,0.000126568,0.000126568
10,215.121,0.35617,1.71001,0.91108,0.75727,0.88064,0.82667,0.80401,0.26826,0.80759,0.83254,0.000126139,0.000126139,0.000126139
11,235.785,0.34802,1.65476,0.90741,0.73707,0.90708,0.83769,0.82232,0.25293,0.78832,0.82069,0.00012571,0.00012571,0.00012571
12,256.329,0.34343,1.595,0.90354,0.76413,0.90484,0.83894,0.82461,0.24957,0.73446,0.82091,0.000125281,0.000125281,0.000125281
13,276.628,0.33044,1.52554,0.89918,0.75642,0.9131,0.85979,0.841,0.24788,0.72,0.82542,0.000124852,0.000124852,0.000124852
14,296.905,0.32807,1.47049,0.89455,0.73261,0.9368,0.84264,0.82887,0.24508,0.6658,0.81668,0.000124423,0.000124423,0.000124423
15,316.756,0.32159,1.41163,0.88598,0.75536,0.94892,0.85393,0.83733,0.23807,0.68925,0.81531,0.000123994,0.000123994,0.000123994
16,337.28,0.31835,1.38538,0.88567,0.76304,0.96001,0.85349,0.83621,0.25385,0.63578,0.82403,0.000123565,0.000123565,0.000123565
17,357.374,0.31379,1.34276,0.89126,0.75689,0.94739,0.85946,0.84719,0.23222,0.6417,0.81289,0.000123136,0.000123136,0.000123136
18,377.636,0.31432,1.32489,0.88622,0.76945,0.9618,0.85313,0.84224,0.23163,0.64223,0.81167,0.000122707,0.000122707,0.000122707
19,398.359,0.31947,1.30167,0.8959,0.76448,0.96376,0.85108,0.84042,0.23608,0.63016,0.81056,0.000122278,0.000122278,0.000122278
20,419.351,0.30617,1.26091,0.88034,0.76064,0.96881,0.86729,0.85509,0.23297,0.61923,0.80947,0.000121849,0.000121849,0.000121849
21,439.651,0.29552,1.21864,0.87468,0.76135,0.9688,0.87662,0.86684,0.2157,0.67376,0.8032,0.00012142,0.00012142,0.00012142
22,460.619,0.29694,1.21418,0.87601,0.77424,0.96917,0.8719,0.8631,0.22204,0.59044,0.80472,0.000120991,0.000120991,0.000120991
23,481.512,0.28838,1.15805,0.86706,0.77243,0.94734,0.86408,0.85282,0.21301,0.59335,0.79856,0.000120562,0.000120562,0.000120562
24,503.846,0.30369,1.16627,0.88168,0.78419,0.95622,0.87179,0.86135,0.23014,0.57874,0.80851,0.000120133,0.000120133,0.000120133
25,525.399,0.29473,1.13551,0.87309,0.78409,0.95773,0.87294,0.85885,0.22825,0.56513,0.80505,0.000119704,0.000119704,0.000119704
26,550.081,0.30212,1.13695,0.88029,0.77117,0.94973,0.87305,0.86373,0.22169,0.6025,0.80519,0.000119275,0.000119275,0.000119275
27,571.138,0.28748,1.11772,0.87002,0.78186,0.9404,0.86556,0.85533,0.22034,0.55889,0.80517,0.000118846,0.000118846,0.000118846
28,594.359,0.28207,1.09248,0.86797,0.77276,0.9711,0.86459,0.85561,0.20953,0.5646,0.79922,0.000118417,0.000118417,0.000118417
29,616.169,0.27878,1.07282,0.86997,0.77619,0.96167,0.86244,0.8522,0.21435,0.57636,0.79928,0.000117988,0.000117988,0.000117988
30,638.908,0.27859,1.06643,0.86971,0.77382,0.9418,0.86618,0.85798,0.21598,0.6204,0.8048,0.000117559,0.000117559,0.000117559
31,664.71,0.28065,1.01361,0.86332,0.77145,0.98402,0.88811,0.87677,0.22241,0.54625,0.80299,0.00011713,0.00011713,0.00011713
32,686.773,0.27323,1.01428,0.85966,0.76967,0.97436,0.87838,0.86757,0.21977,0.5661,0.80157,0.000116701,0.000116701,0.000116701
33,708.697,0.27593,0.9987,0.86649,0.76246,0.9712,0.87329,0.86463,0.21589,0.56052,0.80003,0.000116272,0.000116272,0.000116272
34,730.436,0.27687,0.97044,0.86207,0.77742,0.96547,0.87228,0.86398,0.20575,0.54636,0.79663,0.000115843,0.000115843,0.000115843
35,752.492,0.27256,0.96831,0.86297,0.76605,0.96684,0.87116,0.86132,0.20784,0.54166,0.7952,0.000115414,0.000115414,0.000115414
36,775.355,0.27207,0.97616,0.86471,0.77656,0.98317,0.87942,0.87037,0.20888,0.52881,0.797,0.000114985,0.000114985,0.000114985
37,801.587,0.27258,0.92733,0.86336,0.78087,0.96514,0.86776,0.86038,0.20856,0.54397,0.79696,0.000114556,0.000114556,0.000114556
38,823.157,0.27458,0.92316,0.86283,0.7618,0.98934,0.86979,0.86167,0.20492,0.52462,0.79502,0.000114127,0.000114127,0.000114127
39,845.275,0.27372,0.93189,0.86556,0.76929,0.9873,0.87663,0.86952,0.20568,0.5485,0.79737,0.000113698,0.000113698,0.000113698
40,866.986,0.26474,0.90316,0.86044,0.77689,0.98309,0.86566,0.85838,0.1967,0.52686,0.79214,0.000113269,0.000113269,0.000113269
41,889.073,0.26505,0.89638,0.86016,0.78286,0.98052,0.86943,0.86264,0.20566,0.52195,0.79497,0.00011284,0.00011284,0.00011284
42,911.071,0.2693,0.91253,0.86074,0.77687,0.97012,0.87342,0.8663,0.20184,0.51504,0.79381,0.000112411,0.000112411,0.000112411
43,932.221,0.26607,0.9077,0.86431,0.77175,0.98859,0.87546,0.86655,0.2124,0.52976,0.80038,0.000111982,0.000111982,0.000111982
44,954.059,0.26703,0.87111,0.86235,0.78033,0.98624,0.87674,0.8699,0.20133,0.52278,0.79355,0.000111553,0.000111553,0.000111553
45,976.546,0.26052,0.84669,0.85466,0.77168,0.97767,0.87685,0.86849,0.1998,0.50741,0.79427,0.000111124,0.000111124,0.000111124
46,999.291,0.26216,0.84751,0.86155,0.78063,0.96648,0.87678,0.87106,0.19802,0.51975,0.79316,0.000110695,0.000110695,0.000110695
47,1021.33,0.25599,0.83729,0.85399,0.77417,0.98488,0.88252,0.87625,0.20222,0.52063,0.79581,0.000110266,0.000110266,0.000110266
48,1042.66,0.26555,0.85531,0.86384,0.78171,0.97375,0.87206,0.86564,0.19882,0.50592,0.79444,0.000109837,0.000109837,0.000109837
49,1064.05,0.26035,0.81988,0.85787,0.7779,0.98535,0.87747,0.87009,0.19516,0.51567,0.79222,0.000109408,0.000109408,0.000109408
50,1085.3,0.25901,0.79871,0.85811,0.77258,0.96316,0.8686,0.86146,0.19816,0.51769,0.79208,0.000108979,0.000108979,0.000108979
51,1106.74,0.25394,0.80992,0.85474,0.77105,0.96493,0.87617,0.86759,0.19785,0.52476,0.79283,0.00010855,0.00010855,0.00010855
52,1128.14,0.25087,0.80688,0.8552,0.77598,0.97441,0.87835,0.87211,0.1905,0.51435,0.78994,0.000108121,0.000108121,0.000108121
53,1149.27,0.25729,0.79642,0.856,0.77274,0.97165,0.87069,0.86604,0.18805,0.50962,0.79033,0.000107692,0.000107692,0.000107692
54,1171.04,0.2548,0.7912,0.85815,0.77355,0.97283,0.87572,0.86862,0.19991,0.52343,0.79301,0.000107263,0.000107263,0.000107263
55,1192.15,0.2519,0.77695,0.85701,0.78797,0.96263,0.87272,0.86694,0.19304,0.50033,0.78953,0.000106834,0.000106834,0.000106834
56,1213,0.26035,0.77929,0.85617,0.77576,0.97857,0.87861,0.87182,0.19259,0.52392,0.79098,0.000106405,0.000106405,0.000106405
57,1233.64,0.24991,0.75917,0.85183,0.7753,0.97371,0.87319,0.8659,0.19192,0.49972,0.79117,0.000105976,0.000105976,0.000105976
58,1254.23,0.24605,0.76192,0.85163,0.77346,0.97647,0.87117,0.86516,0.19503,0.5113,0.79318,0.000105547,0.000105547,0.000105547
59,1275.83,0.25045,0.75898,0.8572,0.78086,0.971,0.87294,0.86725,0.18985,0.51454,0.78767,0.000105118,0.000105118,0.000105118
60,1296.92,0.24441,0.74616,0.85353,0.78017,0.97178,0.8773,0.87083,0.18876,0.50918,0.7897,0.000104689,0.000104689,0.000104689
61,1317.73,0.25008,0.74814,0.85039,0.76788,0.98366,0.88742,0.88087,0.18549,0.51178,0.78704,0.00010426,0.00010426,0.00010426
62,1337.77,0.24398,0.73315,0.84838,0.78212,0.98382,0.87769,0.87248,0.19227,0.49309,0.79007,0.000103831,0.000103831,0.000103831
63,1358.88,0.24777,0.72519,0.85184,0.77491,0.9711,0.87196,0.86735,0.19092,0.51792,0.7888,0.000103402,0.000103402,0.000103402
64,1380.04,0.24943,0.72941,0.85648,0.78572,0.97575,0.87372,0.86468,0.19792,0.50932,0.79352,0.000102973,0.000102973,0.000102973
65,1401.38,0.24512,0.71135,0.84885,0.78098,0.9772,0.86133,0.85522,0.19196,0.49708,0.79024,0.000102544,0.000102544,0.000102544
66,1422.92,0.23946,0.7008,0.84853,0.76886,0.96937,0.86134,0.8568,0.18173,0.51109,0.78696,0.000102115,0.000102115,0.000102115
67,1443.98,0.2418,0.71306,0.84611,0.77096,0.96258,0.87294,0.86583,0.2019,0.50993,0.79467,0.000101686,0.000101686,0.000101686
68,1464.54,0.23985,0.69023,0.84672,0.76379,0.98419,0.87513,0.86723,0.20254,0.50486,0.79725,0.000101257,0.000101257,0.000101257
69,1485.51,0.24893,0.71147,0.85285,0.76904,0.97296,0.8786,0.87152,0.19073,0.51024,0.7911,0.000100828,0.000100828,0.000100828
70,1506.55,0.2361,0.67243,0.84923,0.77442,0.97816,0.88253,0.87726,0.18281,0.50822,0.78801,0.000100399,0.000100399,0.000100399
71,1527.75,0.23611,0.68794,0.8438,0.77761,0.96319,0.87623,0.87145,0.18435,0.49812,0.78786,9.997e-05,9.997e-05,9.997e-05
72,1548.67,0.24026,0.68931,0.84906,0.77612,0.97964,0.87392,0.86637,0.18341,0.50679,0.78728,9.9541e-05,9.9541e-05,9.9541e-05
73,1569.52,0.24017,0.67491,0.84852,0.7824,0.961,0.86931,0.86284,0.18272,0.49905,0.78679,9.9112e-05,9.9112e-05,9.9112e-05
74,1591.08,0.23762,0.67825,0.84994,0.77833,0.95625,0.86848,0.86306,0.18277,0.50854,0.78715,9.8683e-05,9.8683e-05,9.8683e-05
75,1612.12,0.23139,0.67324,0.84571,0.76738,0.97953,0.88461,0.88006,0.18576,0.49855,0.78794,9.8254e-05,9.8254e-05,9.8254e-05
76,1634.52,0.23774,0.65901,0.85211,0.78114,0.96769,0.87427,0.86921,0.18076,0.50093,0.786,9.7825e-05,9.7825e-05,9.7825e-05
77,1655.81,0.23243,0.64674,0.84495,0.78243,0.9647,0.87862,0.87155,0.19047,0.50821,0.79062,9.7396e-05,9.7396e-05,9.7396e-05
78,1676.91,0.23309,0.64841,0.84745,0.77398,0.97656,0.87337,0.86821,0.17898,0.50889,0.78571,9.6967e-05,9.6967e-05,9.6967e-05
79,1698.09,0.23132,0.63369,0.84377,0.78364,0.97615,0.87226,0.86655,0.18504,0.49131,0.78903,9.6538e-05,9.6538e-05,9.6538e-05
80,1719.49,0.2397,0.64612,0.85214,0.78185,0.95775,0.86828,0.86402,0.18318,0.48654,0.78943,9.6109e-05,9.6109e-05,9.6109e-05
81,1741.09,0.23307,0.63523,0.84607,0.77975,0.964,0.87374,0.86885,0.18901,0.50674,0.78847,9.568e-05,9.568e-05,9.568e-05
82,1762.09,0.22957,0.64619,0.85158,0.77005,0.97613,0.86724,0.85996,0.18632,0.51014,0.78896,9.5251e-05,9.5251e-05,9.5251e-05
83,1783.91,0.23387,0.64031,0.84578,0.76382,0.97632,0.86685,0.86184,0.17944,0.50843,0.78564,9.4822e-05,9.4822e-05,9.4822e-05
84,1805.21,0.23329,0.63397,0.84653,0.77224,0.96153,0.87242,0.86854,0.17406,0.49433,0.78451,9.4393e-05,9.4393e-05,9.4393e-05
85,1825.8,0.22612,0.62063,0.83871,0.7656,0.9656,0.86494,0.86034,0.17992,0.50936,0.78601,9.3964e-05,9.3964e-05,9.3964e-05
86,1846.97,0.22948,0.61529,0.84276,0.77218,0.96179,0.88097,0.87641,0.17913,0.50908,0.78602,9.3535e-05,9.3535e-05,9.3535e-05
87,1868.3,0.22971,0.61466,0.84489,0.75857,0.96097,0.87713,0.87108,0.18377,0.50312,0.78783,9.3106e-05,9.3106e-05,9.3106e-05
88,1889.13,0.22845,0.60751,0.84237,0.77834,0.97128,0.87916,0.87387,0.17609,0.48497,0.78698,9.2677e-05,9.2677e-05,9.2677e-05
89,1909.64,0.22599,0.61662,0.84208,0.77972,0.96426,0.87585,0.86978,0.18181,0.53419,0.78725,9.2248e-05,9.2248e-05,9.2248e-05
90,1929.89,0.23274,0.60539,0.84782,0.76936,0.97066,0.88263,0.87628,0.1777,0.49732,0.78502,9.1819e-05,9.1819e-05,9.1819e-05
91,1949.93,0.22814,0.59498,0.84326,0.77754,0.97913,0.88838,0.88425,0.17586,0.49845,0.78485,9.139e-05,9.139e-05,9.139e-05
92,1969.98,0.23199,0.60071,0.8472,0.76253,0.97523,0.8778,0.87288,0.18107,0.51872,0.78581,9.0961e-05,9.0961e-05,9.0961e-05
93,1990.68,0.22702,0.59569,0.84571,0.76871,0.98043,0.87555,0.8718,0.17849,0.50514,0.78487,9.0532e-05,9.0532e-05,9.0532e-05
94,2010.38,0.2235,0.60406,0.84255,0.77122,0.97229,0.88529,0.88024,0.17755,0.49809,0.78561,9.0103e-05,9.0103e-05,9.0103e-05
95,2031.14,0.22279,0.58862,0.84255,0.76981,0.96342,0.86503,0.86057,0.17822,0.51458,0.78626,8.9674e-05,8.9674e-05,8.9674e-05
96,2051.79,0.22918,0.58433,0.8426,0.76092,0.97558,0.86652,0.86258,0.17552,0.50482,0.78495,8.9245e-05,8.9245e-05,8.9245e-05
97,2071.97,0.2177,0.56646,0.83992,0.77765,0.97134,0.8787,0.87433,0.17614,0.50207,0.78321,8.8816e-05,8.8816e-05,8.8816e-05
98,2092.78,0.22227,0.57293,0.83753,0.77187,0.97258,0.86813,0.8622,0.17955,0.50045,0.78698,8.8387e-05,8.8387e-05,8.8387e-05
99,2113.2,0.22598,0.58487,0.84791,0.77769,0.9638,0.87098,0.86646,0.17992,0.52534,0.78517,8.7958e-05,8.7958e-05,8.7958e-05
100,2132.14,0.22067,0.56898,0.84287,0.76657,0.96692,0.8719,0.86804,0.17311,0.50546,0.78269,8.7529e-05,8.7529e-05,8.7529e-05
101,2150.99,0.22485,0.55776,0.83864,0.78901,0.94762,0.86481,0.8606,0.18018,0.50283,0.78489,8.71e-05,8.71e-05,8.71e-05
102,2169.87,0.21806,0.55663,0.83993,0.77772,0.97017,0.86963,0.86575,0.17725,0.50432,0.78584,8.6671e-05,8.6671e-05,8.6671e-05
103,2188.88,0.22372,0.56883,0.84207,0.76183,0.97702,0.8733,0.86997,0.17709,0.50019,0.78629,8.6242e-05,8.6242e-05,8.6242e-05
104,2207.88,0.22482,0.55142,0.8425,0.76828,0.97463,0.87587,0.87142,0.17617,0.52103,0.78382,8.5813e-05,8.5813e-05,8.5813e-05
105,2226.77,0.21714,0.56313,0.84082,0.78143,0.96395,0.87637,0.87317,0.17212,0.51476,0.78275,8.5384e-05,8.5384e-05,8.5384e-05
106,2245.52,0.22485,0.56119,0.84348,0.77611,0.95863,0.87295,0.8688,0.17529,0.51825,0.78434,8.4955e-05,8.4955e-05,8.4955e-05
107,2264.38,0.221,0.55328,0.8427,0.77525,0.95608,0.86641,0.8628,0.1736,0.52864,0.78375,8.4526e-05,8.4526e-05,8.4526e-05
108,2283.34,0.21806,0.54483,0.83908,0.77886,0.96482,0.87624,0.87298,0.1732,0.49514,0.78324,8.4097e-05,8.4097e-05,8.4097e-05
109,2302.26,0.21882,0.55283,0.84307,0.76825,0.96944,0.86723,0.86318,0.17527,0.52709,0.7832,8.3668e-05,8.3668e-05,8.3668e-05
110,2321.22,0.21698,0.53759,0.8398,0.77007,0.96733,0.87335,0.87008,0.17188,0.50742,0.78215,8.3239e-05,8.3239e-05,8.3239e-05
111,2340.08,0.21652,0.54477,0.83742,0.76888,0.97054,0.86692,0.8645,0.17249,0.51051,0.78151,8.281e-05,8.281e-05,8.281e-05
112,2359.11,0.22567,0.54544,0.84419,0.77664,0.95737,0.86965,0.86601,0.17219,0.51748,0.78154,8.2381e-05,8.2381e-05,8.2381e-05
113,2378.03,0.22218,0.52716,0.84261,0.76667,0.95603,0.87442,0.87093,0.17343,0.52534,0.78361,8.1952e-05,8.1952e-05,8.1952e-05
114,2397.02,0.21993,0.52867,0.84596,0.77845,0.94538,0.8559,0.85172,0.16976,0.51992,0.78094,8.1523e-05,8.1523e-05,8.1523e-05
115,2416.11,0.21372,0.53043,0.83643,0.77111,0.97027,0.88158,0.87743,0.1757,0.50754,0.78366,8.1094e-05,8.1094e-05,8.1094e-05
116,2434.82,0.21734,0.52618,0.83937,0.77636,0.97323,0.87279,0.8694,0.17141,0.50925,0.78178,8.0665e-05,8.0665e-05,8.0665e-05
117,2453.49,0.21579,0.52359,0.83968,0.77666,0.96648,0.88084,0.87569,0.17191,0.51045,0.78261,8.0236e-05,8.0236e-05,8.0236e-05
118,2472.21,0.2128,0.52302,0.83307,0.77578,0.96748,0.87931,0.87598,0.17145,0.52551,0.78208,7.9807e-05,7.9807e-05,7.9807e-05
119,2490.86,0.21005,0.52584,0.84009,0.76207,0.97953,0.87488,0.87215,0.17307,0.51223,0.78257,7.9378e-05,7.9378e-05,7.9378e-05
120,2510.46,0.21374,0.53371,0.83561,0.77785,0.95391,0.87294,0.86921,0.17876,0.5275,0.78509,7.8949e-05,7.8949e-05,7.8949e-05
121,2529.38,0.21397,0.51505,0.83805,0.76206,0.97943,0.87826,0.87516,0.16969,0.50926,0.78126,7.852e-05,7.852e-05,7.852e-05
122,2548.29,0.21524,0.50263,0.83651,0.77343,0.96115,0.87154,0.86785,0.16911,0.51111,0.78172,7.8091e-05,7.8091e-05,7.8091e-05
123,2567.36,0.21294,0.52178,0.83847,0.77099,0.97247,0.874,0.87064,0.16977,0.52058,0.78119,7.7662e-05,7.7662e-05,7.7662e-05
124,2586.37,0.21358,0.50799,0.83912,0.78139,0.96388,0.8729,0.87024,0.16902,0.50928,0.78142,7.7233e-05,7.7233e-05,7.7233e-05
125,2605.36,0.21501,0.50297,0.84185,0.76375,0.97375,0.87321,0.869,0.16728,0.51353,0.78131,7.6804e-05,7.6804e-05,7.6804e-05
126,2624.24,0.21181,0.51173,0.83639,0.78011,0.96561,0.86695,0.8641,0.16733,0.50393,0.78117,7.6375e-05,7.6375e-05,7.6375e-05
127,2643.13,0.21407,0.49918,0.83678,0.7449,0.9856,0.87315,0.86957,0.16951,0.51277,0.78196,7.5946e-05,7.5946e-05,7.5946e-05
128,2662.18,0.21089,0.49903,0.83376,0.74946,0.98189,0.8704,0.86684,0.17115,0.50825,0.78209,7.5517e-05,7.5517e-05,7.5517e-05
129,2681.18,0.21101,0.49404,0.83613,0.77409,0.95845,0.86492,0.86189,0.17469,0.51103,0.78266,7.5088e-05,7.5088e-05,7.5088e-05
130,2700.13,0.21242,0.49643,0.84307,0.7665,0.97535,0.87289,0.86807,0.17139,0.52205,0.78278,7.4659e-05,7.4659e-05,7.4659e-05
131,2719.14,0.20955,0.49605,0.83958,0.75304,0.98577,0.87017,0.86699,0.17044,0.50943,0.78079,7.423e-05,7.423e-05,7.423e-05
132,2738.13,0.20772,0.48606,0.8354,0.78567,0.9424,0.8628,0.85995,0.16861,0.51962,0.78106,7.3801e-05,7.3801e-05,7.3801e-05
133,2757.05,0.21005,0.49766,0.83663,0.77286,0.96919,0.87891,0.8758,0.17144,0.5208,0.78239,7.3372e-05,7.3372e-05,7.3372e-05
134,2775.9,0.21047,0.48973,0.83699,0.77548,0.96904,0.87278,0.86991,0.17121,0.51717,0.78218,7.2943e-05,7.2943e-05,7.2943e-05
135,2794.86,0.21162,0.48608,0.83858,0.76782,0.96171,0.86928,0.86696,0.16894,0.53045,0.78096,7.2514e-05,7.2514e-05,7.2514e-05
136,2813.74,0.20702,0.48664,0.83701,0.76377,0.97874,0.87341,0.86978,0.17041,0.51748,0.78265,7.2085e-05,7.2085e-05,7.2085e-05
137,2832.6,0.19958,0.48796,0.83143,0.76465,0.97003,0.86125,0.85821,0.16853,0.51675,0.78076,7.1656e-05,7.1656e-05,7.1656e-05
138,2851.44,0.20807,0.4836,0.83538,0.7815,0.94121,0.85766,0.85463,0.16755,0.52542,0.78128,7.1227e-05,7.1227e-05,7.1227e-05
139,2870.68,0.21074,0.48414,0.83524,0.75817,0.97146,0.8677,0.86486,0.17336,0.53245,0.78361,7.0798e-05,7.0798e-05,7.0798e-05
140,2889.32,0.20939,0.4951,0.83855,0.73873,0.98178,0.86244,0.85965,0.16728,0.52267,0.7815,7.0369e-05,7.0369e-05,7.0369e-05
141,2907.92,0.20419,0.47112,0.83613,0.77001,0.96569,0.8721,0.86921,0.16557,0.52432,0.78014,6.994e-05,6.994e-05,6.994e-05
